﻿pos_x,pos_y,rotation,side,designator,mpn,pack,footprint,value,mount_type
10.79,-27.428,0.0,top,D101,AA3021SGS ,,LED_1208_3020metric,GREEN,smt
10.79,-10.928,0.0,top,D101,AA3021SGS ,,LED_1208_3020metric,GREEN,smt
18.29,-76.928,0.0,top,D101,AA3021SGS ,,LED_1208_3020metric,GREEN,smt
33.29,-43.928,0.0,top,D101,AA3021SGS ,,LED_1208_3020metric,GREEN,smt
33.29,-27.428,0.0,top,D101,AA3021SGS ,,LED_1208_3020metric,GREEN,smt
18.29,-10.928,0.0,top,D101,AA3021SGS ,,LED_1208_3020metric,GREEN,smt
33.29,-60.428,0.0,top,D101,AA3021SGS ,,LED_1208_3020metric,GREEN,smt
33.29,-76.928,0.0,top,D101,AA3021SGS ,,LED_1208_3020metric,GREEN,smt
25.79,-76.928,0.0,top,D101,AA3021SGS ,,LED_1208_3020metric,GREEN,smt
10.79,-76.928,0.0,top,D101,AA3021SGS ,,LED_1208_3020metric,GREEN,smt
18.29,-60.428,0.0,top,D101,AA3021SGS ,,LED_1208_3020metric,GREEN,smt
40.79,-43.928,0.0,top,D101,AA3021SGS ,,LED_1208_3020metric,GREEN,smt
18.29,-43.928,0.0,top,D101,AA3021SGS ,,LED_1208_3020metric,GREEN,smt
40.79,-10.928,0.0,top,D101,AA3021SGS ,,LED_1208_3020metric,GREEN,smt
40.79,-76.928,0.0,top,D101,AA3021SGS ,,LED_1208_3020metric,GREEN,smt
40.79,-27.428,0.0,top,D101,AA3021SGS ,,LED_1208_3020metric,GREEN,smt
10.79,-60.428,0.0,top,D101,AA3021SGS ,,LED_1208_3020metric,GREEN,smt
25.79,-60.428,0.0,top,D101,AA3021SGS ,,LED_1208_3020metric,GREEN,smt
18.29,-27.428,0.0,top,D101,AA3021SGS ,,LED_1208_3020metric,GREEN,smt
25.79,-27.428,0.0,top,D101,AA3021SGS ,,LED_1208_3020metric,GREEN,smt
10.79,-43.928,0.0,top,D101,AA3021SGS ,,LED_1208_3020metric,GREEN,smt
33.29,-10.928,0.0,top,D101,AA3021SGS ,,LED_1208_3020metric,GREEN,smt
25.79,-10.928,0.0,top,D101,AA3021SGS ,,LED_1208_3020metric,GREEN,smt
25.79,-43.928,0.0,top,D101,AA3021SGS ,,LED_1208_3020metric,GREEN,smt
40.79,-60.428,0.0,top,D101,AA3021SGS ,,LED_1208_3020metric,GREEN,smt
33.16,-81.246,0.0,top,D102,AA3021YS,,LED_1208_3020metric,YELLOW,smt
40.66,-15.246,0.0,top,D102,AA3021YS,,LED_1208_3020metric,YELLOW,smt
10.66,-31.746,0.0,top,D102,AA3021YS,,LED_1208_3020metric,YELLOW,smt
40.66,-64.746,0.0,top,D102,AA3021YS,,LED_1208_3020metric,YELLOW,smt
40.66,-31.746,0.0,top,D102,AA3021YS,,LED_1208_3020metric,YELLOW,smt
40.66,-48.246,0.0,top,D102,AA3021YS,,LED_1208_3020metric,YELLOW,smt
10.66,-81.246,0.0,top,D102,AA3021YS,,LED_1208_3020metric,YELLOW,smt
18.16,-15.246,0.0,top,D102,AA3021YS,,LED_1208_3020metric,YELLOW,smt
33.16,-15.246,0.0,top,D102,AA3021YS,,LED_1208_3020metric,YELLOW,smt
33.16,-64.746,0.0,top,D102,AA3021YS,,LED_1208_3020metric,YELLOW,smt
10.66,-48.246,0.0,top,D102,AA3021YS,,LED_1208_3020metric,YELLOW,smt
10.66,-64.746,0.0,top,D102,AA3021YS,,LED_1208_3020metric,YELLOW,smt
25.66,-15.246,0.0,top,D102,AA3021YS,,LED_1208_3020metric,YELLOW,smt
18.16,-48.246,0.0,top,D102,AA3021YS,,LED_1208_3020metric,YELLOW,smt
25.66,-81.246,0.0,top,D102,AA3021YS,,LED_1208_3020metric,YELLOW,smt
10.66,-15.246,0.0,top,D102,AA3021YS,,LED_1208_3020metric,YELLOW,smt
25.66,-31.746,0.0,top,D102,AA3021YS,,LED_1208_3020metric,YELLOW,smt
18.16,-64.746,0.0,top,D102,AA3021YS,,LED_1208_3020metric,YELLOW,smt
25.66,-64.746,0.0,top,D102,AA3021YS,,LED_1208_3020metric,YELLOW,smt
18.16,-81.246,0.0,top,D102,AA3021YS,,LED_1208_3020metric,YELLOW,smt
33.16,-31.746,0.0,top,D102,AA3021YS,,LED_1208_3020metric,YELLOW,smt
18.16,-31.746,0.0,top,D102,AA3021YS,,LED_1208_3020metric,YELLOW,smt
25.66,-48.246,0.0,top,D102,AA3021YS,,LED_1208_3020metric,YELLOW,smt
40.66,-81.246,0.0,top,D102,AA3021YS,,LED_1208_3020metric,YELLOW,smt
33.16,-48.246,0.0,top,D102,AA3021YS,,LED_1208_3020metric,YELLOW,smt
33.29,-69.05,0.0,top,D103,AA3021ES,,LED_1208_3020metric,Red,smt
18.29,-52.55,0.0,top,D103,AA3021ES,,LED_1208_3020metric,Red,smt
10.79,-36.05,0.0,top,D103,AA3021ES,,LED_1208_3020metric,Red,smt
33.29,-85.55,0.0,top,D103,AA3021ES,,LED_1208_3020metric,Red,smt
25.79,-69.05,0.0,top,D103,AA3021ES,,LED_1208_3020metric,Red,smt
25.79,-52.55,0.0,top,D103,AA3021ES,,LED_1208_3020metric,Red,smt
10.79,-69.05,0.0,top,D103,AA3021ES,,LED_1208_3020metric,Red,smt
33.29,-36.05,0.0,top,D103,AA3021ES,,LED_1208_3020metric,Red,smt
40.79,-36.05,0.0,top,D103,AA3021ES,,LED_1208_3020metric,Red,smt
25.79,-19.55,0.0,top,D103,AA3021ES,,LED_1208_3020metric,Red,smt
18.29,-36.05,0.0,top,D103,AA3021ES,,LED_1208_3020metric,Red,smt
18.29,-85.55,0.0,top,D103,AA3021ES,,LED_1208_3020metric,Red,smt
40.79,-85.55,0.0,top,D103,AA3021ES,,LED_1208_3020metric,Red,smt
33.29,-19.55,0.0,top,D103,AA3021ES,,LED_1208_3020metric,Red,smt
40.79,-19.55,0.0,top,D103,AA3021ES,,LED_1208_3020metric,Red,smt
40.79,-69.05,0.0,top,D103,AA3021ES,,LED_1208_3020metric,Red,smt
10.79,-85.55,0.0,top,D103,AA3021ES,,LED_1208_3020metric,Red,smt
25.79,-36.05,0.0,top,D103,AA3021ES,,LED_1208_3020metric,Red,smt
10.79,-19.55,0.0,top,D103,AA3021ES,,LED_1208_3020metric,Red,smt
25.79,-85.55,0.0,top,D103,AA3021ES,,LED_1208_3020metric,Red,smt
18.29,-19.55,0.0,top,D103,AA3021ES,,LED_1208_3020metric,Red,smt
40.79,-52.55,0.0,top,D103,AA3021ES,,LED_1208_3020metric,Red,smt
33.29,-52.55,0.0,top,D103,AA3021ES,,LED_1208_3020metric,Red,smt
18.29,-69.05,0.0,top,D103,AA3021ES,,LED_1208_3020metric,Red,smt
10.79,-52.55,0.0,top,D103,AA3021ES,,LED_1208_3020metric,Red,smt
24.666666,-41.2,0.0,top,KiKit_MB_100_1,,,NPTH,NPTH,tht
25.75,-41.2,0.0,top,KiKit_MB_100_2,,,NPTH,NPTH,tht
26.833333,-41.2,0.0,top,KiKit_MB_100_3,,,NPTH,NPTH,tht
26.833333,-41.2,0.0,top,KiKit_MB_101_1,,,NPTH,NPTH,tht
26.833333,-55.3,0.0,top,KiKit_MB_102_1,,,NPTH,NPTH,tht
25.75,-55.3,0.0,top,KiKit_MB_102_2,,,NPTH,NPTH,tht
24.666666,-55.3,0.0,top,KiKit_MB_102_3,,,NPTH,NPTH,tht
24.666666,-55.3,0.0,top,KiKit_MB_103_1,,,NPTH,NPTH,tht
26.833333,-55.3,0.0,top,KiKit_MB_104_2,,,NPTH,NPTH,tht
30.7,-50.25,0.0,top,KiKit_MB_105_1,,,NPTH,NPTH,tht
30.7,-49.25,0.0,top,KiKit_MB_105_2,,,NPTH,NPTH,tht
30.7,-48.25,0.0,top,KiKit_MB_105_3,,,NPTH,NPTH,tht
30.7,-47.25,0.0,top,KiKit_MB_105_4,,,NPTH,NPTH,tht
30.7,-46.25,0.0,top,KiKit_MB_105_5,,,NPTH,NPTH,tht
35.8,-46.25,0.0,top,KiKit_MB_106_1,,,NPTH,NPTH,tht
35.8,-47.25,0.0,top,KiKit_MB_106_2,,,NPTH,NPTH,tht
35.8,-48.25,0.0,top,KiKit_MB_106_3,,,NPTH,NPTH,tht
35.8,-49.25,0.0,top,KiKit_MB_106_4,,,NPTH,NPTH,tht
35.8,-50.25,0.0,top,KiKit_MB_106_5,,,NPTH,NPTH,tht
32.166666,-41.2,0.0,top,KiKit_MB_107_2,,,NPTH,NPTH,tht
32.166666,-41.2,0.0,top,KiKit_MB_108_1,,,NPTH,NPTH,tht
33.25,-41.2,0.0,top,KiKit_MB_108_2,,,NPTH,NPTH,tht
34.333333,-41.2,0.0,top,KiKit_MB_108_3,,,NPTH,NPTH,tht
34.333333,-41.2,0.0,top,KiKit_MB_109_1,,,NPTH,NPTH,tht
20.8,-13.25,0.0,top,KiKit_MB_10_1,,,NPTH,NPTH,tht
20.8,-14.25,0.0,top,KiKit_MB_10_2,,,NPTH,NPTH,tht
20.8,-15.25,0.0,top,KiKit_MB_10_3,,,NPTH,NPTH,tht
20.8,-16.25,0.0,top,KiKit_MB_10_4,,,NPTH,NPTH,tht
20.8,-17.25,0.0,top,KiKit_MB_10_5,,,NPTH,NPTH,tht
34.333333,-55.3,0.0,top,KiKit_MB_110_1,,,NPTH,NPTH,tht
33.25,-55.3,0.0,top,KiKit_MB_110_2,,,NPTH,NPTH,tht
32.166666,-55.3,0.0,top,KiKit_MB_110_3,,,NPTH,NPTH,tht
32.166666,-55.3,0.0,top,KiKit_MB_111_1,,,NPTH,NPTH,tht
34.333333,-55.3,0.0,top,KiKit_MB_112_2,,,NPTH,NPTH,tht
38.2,-50.25,0.0,top,KiKit_MB_113_1,,,NPTH,NPTH,tht
38.2,-49.25,0.0,top,KiKit_MB_113_2,,,NPTH,NPTH,tht
38.2,-48.25,0.0,top,KiKit_MB_113_3,,,NPTH,NPTH,tht
38.2,-47.25,0.0,top,KiKit_MB_113_4,,,NPTH,NPTH,tht
38.2,-46.25,0.0,top,KiKit_MB_113_5,,,NPTH,NPTH,tht
43.3,-46.25,0.0,top,KiKit_MB_114_1,,,NPTH,NPTH,tht
43.3,-47.25,0.0,top,KiKit_MB_114_2,,,NPTH,NPTH,tht
43.3,-48.25,0.0,top,KiKit_MB_114_3,,,NPTH,NPTH,tht
43.3,-49.25,0.0,top,KiKit_MB_114_4,,,NPTH,NPTH,tht
43.3,-50.25,0.0,top,KiKit_MB_114_5,,,NPTH,NPTH,tht
39.666666,-41.2,0.0,top,KiKit_MB_115_2,,,NPTH,NPTH,tht
39.666666,-41.2,0.0,top,KiKit_MB_116_1,,,NPTH,NPTH,tht
40.75,-41.2,0.0,top,KiKit_MB_116_2,,,NPTH,NPTH,tht
41.833333,-41.2,0.0,top,KiKit_MB_116_3,,,NPTH,NPTH,tht
41.833333,-41.2,0.0,top,KiKit_MB_117_1,,,NPTH,NPTH,tht
41.833333,-55.3,0.0,top,KiKit_MB_118_1,,,NPTH,NPTH,tht
40.75,-55.3,0.0,top,KiKit_MB_118_2,,,NPTH,NPTH,tht
39.666666,-55.3,0.0,top,KiKit_MB_118_3,,,NPTH,NPTH,tht
39.666666,-55.3,0.0,top,KiKit_MB_119_1,,,NPTH,NPTH,tht
17.166666,-8.2,0.0,top,KiKit_MB_11_2,,,NPTH,NPTH,tht
41.833333,-55.3,0.0,top,KiKit_MB_120_2,,,NPTH,NPTH,tht
8.2,-66.75,0.0,top,KiKit_MB_121_1,,,NPTH,NPTH,tht
8.2,-65.75,0.0,top,KiKit_MB_121_2,,,NPTH,NPTH,tht
8.2,-64.75,0.0,top,KiKit_MB_121_3,,,NPTH,NPTH,tht
8.2,-63.75,0.0,top,KiKit_MB_121_4,,,NPTH,NPTH,tht
8.2,-62.75,0.0,top,KiKit_MB_121_5,,,NPTH,NPTH,tht
13.3,-62.75,0.0,top,KiKit_MB_122_1,,,NPTH,NPTH,tht
13.3,-63.75,0.0,top,KiKit_MB_122_2,,,NPTH,NPTH,tht
13.3,-64.75,0.0,top,KiKit_MB_122_3,,,NPTH,NPTH,tht
13.3,-65.75,0.0,top,KiKit_MB_122_4,,,NPTH,NPTH,tht
13.3,-66.75,0.0,top,KiKit_MB_122_5,,,NPTH,NPTH,tht
9.666667,-57.7,0.0,top,KiKit_MB_123_2,,,NPTH,NPTH,tht
9.666667,-57.7,0.0,top,KiKit_MB_124_1,,,NPTH,NPTH,tht
10.75,-57.7,0.0,top,KiKit_MB_124_2,,,NPTH,NPTH,tht
11.833333,-57.7,0.0,top,KiKit_MB_124_3,,,NPTH,NPTH,tht
11.833333,-57.7,0.0,top,KiKit_MB_125_1,,,NPTH,NPTH,tht
11.833333,-71.8,0.0,top,KiKit_MB_126_1,,,NPTH,NPTH,tht
10.75,-71.8,0.0,top,KiKit_MB_126_2,,,NPTH,NPTH,tht
9.666667,-71.8,0.0,top,KiKit_MB_126_3,,,NPTH,NPTH,tht
9.666667,-71.8,0.0,top,KiKit_MB_127_1,,,NPTH,NPTH,tht
11.833333,-71.8,0.0,top,KiKit_MB_128_2,,,NPTH,NPTH,tht
15.7,-66.75,0.0,top,KiKit_MB_129_1,,,NPTH,NPTH,tht
15.7,-65.75,0.0,top,KiKit_MB_129_2,,,NPTH,NPTH,tht
15.7,-64.75,0.0,top,KiKit_MB_129_3,,,NPTH,NPTH,tht
15.7,-63.75,0.0,top,KiKit_MB_129_4,,,NPTH,NPTH,tht
15.7,-62.75,0.0,top,KiKit_MB_129_5,,,NPTH,NPTH,tht
17.166666,-8.2,0.0,top,KiKit_MB_12_1,,,NPTH,NPTH,tht
18.249999,-8.2,0.0,top,KiKit_MB_12_2,,,NPTH,NPTH,tht
19.333333,-8.2,0.0,top,KiKit_MB_12_3,,,NPTH,NPTH,tht
20.8,-62.75,0.0,top,KiKit_MB_130_1,,,NPTH,NPTH,tht
20.8,-63.75,0.0,top,KiKit_MB_130_2,,,NPTH,NPTH,tht
20.8,-64.75,0.0,top,KiKit_MB_130_3,,,NPTH,NPTH,tht
20.8,-65.75,0.0,top,KiKit_MB_130_4,,,NPTH,NPTH,tht
20.8,-66.75,0.0,top,KiKit_MB_130_5,,,NPTH,NPTH,tht
17.166666,-57.7,0.0,top,KiKit_MB_131_2,,,NPTH,NPTH,tht
17.166666,-57.7,0.0,top,KiKit_MB_132_1,,,NPTH,NPTH,tht
18.249999,-57.7,0.0,top,KiKit_MB_132_2,,,NPTH,NPTH,tht
19.333333,-57.7,0.0,top,KiKit_MB_132_3,,,NPTH,NPTH,tht
19.333333,-57.7,0.0,top,KiKit_MB_133_1,,,NPTH,NPTH,tht
19.333333,-71.8,0.0,top,KiKit_MB_134_1,,,NPTH,NPTH,tht
18.249999,-71.8,0.0,top,KiKit_MB_134_2,,,NPTH,NPTH,tht
17.166666,-71.8,0.0,top,KiKit_MB_134_3,,,NPTH,NPTH,tht
17.166666,-71.8,0.0,top,KiKit_MB_135_1,,,NPTH,NPTH,tht
19.333333,-71.8,0.0,top,KiKit_MB_136_2,,,NPTH,NPTH,tht
23.2,-66.75,0.0,top,KiKit_MB_137_1,,,NPTH,NPTH,tht
23.2,-65.75,0.0,top,KiKit_MB_137_2,,,NPTH,NPTH,tht
23.2,-64.75,0.0,top,KiKit_MB_137_3,,,NPTH,NPTH,tht
23.2,-63.75,0.0,top,KiKit_MB_137_4,,,NPTH,NPTH,tht
23.2,-62.75,0.0,top,KiKit_MB_137_5,,,NPTH,NPTH,tht
28.3,-62.75,0.0,top,KiKit_MB_138_1,,,NPTH,NPTH,tht
28.3,-63.75,0.0,top,KiKit_MB_138_2,,,NPTH,NPTH,tht
28.3,-64.75,0.0,top,KiKit_MB_138_3,,,NPTH,NPTH,tht
28.3,-65.75,0.0,top,KiKit_MB_138_4,,,NPTH,NPTH,tht
28.3,-66.75,0.0,top,KiKit_MB_138_5,,,NPTH,NPTH,tht
24.666666,-57.7,0.0,top,KiKit_MB_139_2,,,NPTH,NPTH,tht
19.333333,-8.2,0.0,top,KiKit_MB_13_1,,,NPTH,NPTH,tht
24.666666,-57.7,0.0,top,KiKit_MB_140_1,,,NPTH,NPTH,tht
25.75,-57.7,0.0,top,KiKit_MB_140_2,,,NPTH,NPTH,tht
26.833333,-57.7,0.0,top,KiKit_MB_140_3,,,NPTH,NPTH,tht
26.833333,-57.7,0.0,top,KiKit_MB_141_1,,,NPTH,NPTH,tht
26.833333,-71.8,0.0,top,KiKit_MB_142_1,,,NPTH,NPTH,tht
25.75,-71.8,0.0,top,KiKit_MB_142_2,,,NPTH,NPTH,tht
24.666666,-71.8,0.0,top,KiKit_MB_142_3,,,NPTH,NPTH,tht
24.666666,-71.8,0.0,top,KiKit_MB_143_1,,,NPTH,NPTH,tht
26.833333,-71.8,0.0,top,KiKit_MB_144_2,,,NPTH,NPTH,tht
30.7,-66.75,0.0,top,KiKit_MB_145_1,,,NPTH,NPTH,tht
30.7,-65.75,0.0,top,KiKit_MB_145_2,,,NPTH,NPTH,tht
30.7,-64.75,0.0,top,KiKit_MB_145_3,,,NPTH,NPTH,tht
30.7,-63.75,0.0,top,KiKit_MB_145_4,,,NPTH,NPTH,tht
30.7,-62.75,0.0,top,KiKit_MB_145_5,,,NPTH,NPTH,tht
35.8,-62.75,0.0,top,KiKit_MB_146_1,,,NPTH,NPTH,tht
35.8,-63.75,0.0,top,KiKit_MB_146_2,,,NPTH,NPTH,tht
35.8,-64.75,0.0,top,KiKit_MB_146_3,,,NPTH,NPTH,tht
35.8,-65.75,0.0,top,KiKit_MB_146_4,,,NPTH,NPTH,tht
35.8,-66.75,0.0,top,KiKit_MB_146_5,,,NPTH,NPTH,tht
32.166666,-57.7,0.0,top,KiKit_MB_147_2,,,NPTH,NPTH,tht
32.166666,-57.7,0.0,top,KiKit_MB_148_1,,,NPTH,NPTH,tht
33.25,-57.7,0.0,top,KiKit_MB_148_2,,,NPTH,NPTH,tht
34.333333,-57.7,0.0,top,KiKit_MB_148_3,,,NPTH,NPTH,tht
34.333333,-57.7,0.0,top,KiKit_MB_149_1,,,NPTH,NPTH,tht
19.333333,-22.3,0.0,top,KiKit_MB_14_1,,,NPTH,NPTH,tht
18.249999,-22.3,0.0,top,KiKit_MB_14_2,,,NPTH,NPTH,tht
17.166666,-22.3,0.0,top,KiKit_MB_14_3,,,NPTH,NPTH,tht
34.333333,-71.8,0.0,top,KiKit_MB_150_1,,,NPTH,NPTH,tht
33.25,-71.8,0.0,top,KiKit_MB_150_2,,,NPTH,NPTH,tht
32.166666,-71.8,0.0,top,KiKit_MB_150_3,,,NPTH,NPTH,tht
32.166666,-71.8,0.0,top,KiKit_MB_151_1,,,NPTH,NPTH,tht
34.333333,-71.8,0.0,top,KiKit_MB_152_2,,,NPTH,NPTH,tht
38.2,-66.75,0.0,top,KiKit_MB_153_1,,,NPTH,NPTH,tht
38.2,-65.75,0.0,top,KiKit_MB_153_2,,,NPTH,NPTH,tht
38.2,-64.75,0.0,top,KiKit_MB_153_3,,,NPTH,NPTH,tht
38.2,-63.75,0.0,top,KiKit_MB_153_4,,,NPTH,NPTH,tht
38.2,-62.75,0.0,top,KiKit_MB_153_5,,,NPTH,NPTH,tht
43.3,-62.75,0.0,top,KiKit_MB_154_1,,,NPTH,NPTH,tht
43.3,-63.75,0.0,top,KiKit_MB_154_2,,,NPTH,NPTH,tht
43.3,-64.75,0.0,top,KiKit_MB_154_3,,,NPTH,NPTH,tht
43.3,-65.75,0.0,top,KiKit_MB_154_4,,,NPTH,NPTH,tht
43.3,-66.75,0.0,top,KiKit_MB_154_5,,,NPTH,NPTH,tht
39.666666,-57.7,0.0,top,KiKit_MB_155_2,,,NPTH,NPTH,tht
39.666666,-57.7,0.0,top,KiKit_MB_156_1,,,NPTH,NPTH,tht
40.75,-57.7,0.0,top,KiKit_MB_156_2,,,NPTH,NPTH,tht
41.833333,-57.7,0.0,top,KiKit_MB_156_3,,,NPTH,NPTH,tht
41.833333,-57.7,0.0,top,KiKit_MB_157_1,,,NPTH,NPTH,tht
41.833333,-71.8,0.0,top,KiKit_MB_158_1,,,NPTH,NPTH,tht
40.75,-71.8,0.0,top,KiKit_MB_158_2,,,NPTH,NPTH,tht
39.666666,-71.8,0.0,top,KiKit_MB_158_3,,,NPTH,NPTH,tht
39.666666,-71.8,0.0,top,KiKit_MB_159_1,,,NPTH,NPTH,tht
17.166666,-22.3,0.0,top,KiKit_MB_15_1,,,NPTH,NPTH,tht
41.833333,-71.8,0.0,top,KiKit_MB_160_2,,,NPTH,NPTH,tht
8.2,-83.25,0.0,top,KiKit_MB_161_1,,,NPTH,NPTH,tht
8.2,-82.25,0.0,top,KiKit_MB_161_2,,,NPTH,NPTH,tht
8.2,-81.25,0.0,top,KiKit_MB_161_3,,,NPTH,NPTH,tht
8.2,-80.25,0.0,top,KiKit_MB_161_4,,,NPTH,NPTH,tht
8.2,-79.25,0.0,top,KiKit_MB_161_5,,,NPTH,NPTH,tht
13.3,-79.25,0.0,top,KiKit_MB_162_1,,,NPTH,NPTH,tht
13.3,-80.25,0.0,top,KiKit_MB_162_2,,,NPTH,NPTH,tht
13.3,-81.25,0.0,top,KiKit_MB_162_3,,,NPTH,NPTH,tht
13.3,-82.25,0.0,top,KiKit_MB_162_4,,,NPTH,NPTH,tht
13.3,-83.25,0.0,top,KiKit_MB_162_5,,,NPTH,NPTH,tht
9.666667,-74.2,0.0,top,KiKit_MB_163_2,,,NPTH,NPTH,tht
9.666667,-74.2,0.0,top,KiKit_MB_164_1,,,NPTH,NPTH,tht
10.75,-74.2,0.0,top,KiKit_MB_164_2,,,NPTH,NPTH,tht
11.833333,-74.2,0.0,top,KiKit_MB_164_3,,,NPTH,NPTH,tht
11.833333,-74.2,0.0,top,KiKit_MB_165_1,,,NPTH,NPTH,tht
11.833333,-88.3,0.0,top,KiKit_MB_166_1,,,NPTH,NPTH,tht
10.75,-88.3,0.0,top,KiKit_MB_166_2,,,NPTH,NPTH,tht
9.666667,-88.3,0.0,top,KiKit_MB_166_3,,,NPTH,NPTH,tht
9.666667,-88.3,0.0,top,KiKit_MB_167_1,,,NPTH,NPTH,tht
11.833333,-88.3,0.0,top,KiKit_MB_168_2,,,NPTH,NPTH,tht
15.7,-83.25,0.0,top,KiKit_MB_169_1,,,NPTH,NPTH,tht
15.7,-82.25,0.0,top,KiKit_MB_169_2,,,NPTH,NPTH,tht
15.7,-81.25,0.0,top,KiKit_MB_169_3,,,NPTH,NPTH,tht
15.7,-80.25,0.0,top,KiKit_MB_169_4,,,NPTH,NPTH,tht
15.7,-79.25,0.0,top,KiKit_MB_169_5,,,NPTH,NPTH,tht
19.333333,-22.3,0.0,top,KiKit_MB_16_2,,,NPTH,NPTH,tht
20.8,-79.25,0.0,top,KiKit_MB_170_1,,,NPTH,NPTH,tht
20.8,-80.25,0.0,top,KiKit_MB_170_2,,,NPTH,NPTH,tht
20.8,-81.25,0.0,top,KiKit_MB_170_3,,,NPTH,NPTH,tht
20.8,-82.25,0.0,top,KiKit_MB_170_4,,,NPTH,NPTH,tht
20.8,-83.25,0.0,top,KiKit_MB_170_5,,,NPTH,NPTH,tht
17.166666,-74.2,0.0,top,KiKit_MB_171_2,,,NPTH,NPTH,tht
17.166666,-74.2,0.0,top,KiKit_MB_172_1,,,NPTH,NPTH,tht
18.249999,-74.2,0.0,top,KiKit_MB_172_2,,,NPTH,NPTH,tht
19.333333,-74.2,0.0,top,KiKit_MB_172_3,,,NPTH,NPTH,tht
19.333333,-74.2,0.0,top,KiKit_MB_173_1,,,NPTH,NPTH,tht
19.333333,-88.3,0.0,top,KiKit_MB_174_1,,,NPTH,NPTH,tht
18.249999,-88.3,0.0,top,KiKit_MB_174_2,,,NPTH,NPTH,tht
17.166666,-88.3,0.0,top,KiKit_MB_174_3,,,NPTH,NPTH,tht
17.166666,-88.3,0.0,top,KiKit_MB_175_1,,,NPTH,NPTH,tht
19.333333,-88.3,0.0,top,KiKit_MB_176_2,,,NPTH,NPTH,tht
23.2,-83.25,0.0,top,KiKit_MB_177_1,,,NPTH,NPTH,tht
23.2,-82.25,0.0,top,KiKit_MB_177_2,,,NPTH,NPTH,tht
23.2,-81.25,0.0,top,KiKit_MB_177_3,,,NPTH,NPTH,tht
23.2,-80.25,0.0,top,KiKit_MB_177_4,,,NPTH,NPTH,tht
23.2,-79.25,0.0,top,KiKit_MB_177_5,,,NPTH,NPTH,tht
28.3,-79.25,0.0,top,KiKit_MB_178_1,,,NPTH,NPTH,tht
28.3,-80.25,0.0,top,KiKit_MB_178_2,,,NPTH,NPTH,tht
28.3,-81.25,0.0,top,KiKit_MB_178_3,,,NPTH,NPTH,tht
28.3,-82.25,0.0,top,KiKit_MB_178_4,,,NPTH,NPTH,tht
28.3,-83.25,0.0,top,KiKit_MB_178_5,,,NPTH,NPTH,tht
24.666666,-74.2,0.0,top,KiKit_MB_179_2,,,NPTH,NPTH,tht
23.2,-17.25,0.0,top,KiKit_MB_17_1,,,NPTH,NPTH,tht
23.2,-16.25,0.0,top,KiKit_MB_17_2,,,NPTH,NPTH,tht
23.2,-15.25,0.0,top,KiKit_MB_17_3,,,NPTH,NPTH,tht
23.2,-14.25,0.0,top,KiKit_MB_17_4,,,NPTH,NPTH,tht
23.2,-13.25,0.0,top,KiKit_MB_17_5,,,NPTH,NPTH,tht
24.666666,-74.2,0.0,top,KiKit_MB_180_1,,,NPTH,NPTH,tht
25.75,-74.2,0.0,top,KiKit_MB_180_2,,,NPTH,NPTH,tht
26.833333,-74.2,0.0,top,KiKit_MB_180_3,,,NPTH,NPTH,tht
26.833333,-74.2,0.0,top,KiKit_MB_181_1,,,NPTH,NPTH,tht
26.833333,-88.3,0.0,top,KiKit_MB_182_1,,,NPTH,NPTH,tht
25.75,-88.3,0.0,top,KiKit_MB_182_2,,,NPTH,NPTH,tht
24.666666,-88.3,0.0,top,KiKit_MB_182_3,,,NPTH,NPTH,tht
24.666666,-88.3,0.0,top,KiKit_MB_183_1,,,NPTH,NPTH,tht
26.833333,-88.3,0.0,top,KiKit_MB_184_2,,,NPTH,NPTH,tht
30.7,-83.25,0.0,top,KiKit_MB_185_1,,,NPTH,NPTH,tht
30.7,-82.25,0.0,top,KiKit_MB_185_2,,,NPTH,NPTH,tht
30.7,-81.25,0.0,top,KiKit_MB_185_3,,,NPTH,NPTH,tht
30.7,-80.25,0.0,top,KiKit_MB_185_4,,,NPTH,NPTH,tht
30.7,-79.25,0.0,top,KiKit_MB_185_5,,,NPTH,NPTH,tht
35.8,-79.25,0.0,top,KiKit_MB_186_1,,,NPTH,NPTH,tht
35.8,-80.25,0.0,top,KiKit_MB_186_2,,,NPTH,NPTH,tht
35.8,-81.25,0.0,top,KiKit_MB_186_3,,,NPTH,NPTH,tht
35.8,-82.25,0.0,top,KiKit_MB_186_4,,,NPTH,NPTH,tht
35.8,-83.25,0.0,top,KiKit_MB_186_5,,,NPTH,NPTH,tht
32.166666,-74.2,0.0,top,KiKit_MB_187_2,,,NPTH,NPTH,tht
32.166666,-74.2,0.0,top,KiKit_MB_188_1,,,NPTH,NPTH,tht
33.25,-74.2,0.0,top,KiKit_MB_188_2,,,NPTH,NPTH,tht
34.333333,-74.2,0.0,top,KiKit_MB_188_3,,,NPTH,NPTH,tht
34.333333,-74.2,0.0,top,KiKit_MB_189_1,,,NPTH,NPTH,tht
28.3,-13.25,0.0,top,KiKit_MB_18_1,,,NPTH,NPTH,tht
28.3,-14.25,0.0,top,KiKit_MB_18_2,,,NPTH,NPTH,tht
28.3,-15.25,0.0,top,KiKit_MB_18_3,,,NPTH,NPTH,tht
28.3,-16.25,0.0,top,KiKit_MB_18_4,,,NPTH,NPTH,tht
28.3,-17.25,0.0,top,KiKit_MB_18_5,,,NPTH,NPTH,tht
34.333333,-88.3,0.0,top,KiKit_MB_190_1,,,NPTH,NPTH,tht
33.25,-88.3,0.0,top,KiKit_MB_190_2,,,NPTH,NPTH,tht
32.166666,-88.3,0.0,top,KiKit_MB_190_3,,,NPTH,NPTH,tht
32.166666,-88.3,0.0,top,KiKit_MB_191_1,,,NPTH,NPTH,tht
34.333333,-88.3,0.0,top,KiKit_MB_192_2,,,NPTH,NPTH,tht
38.2,-83.25,0.0,top,KiKit_MB_193_1,,,NPTH,NPTH,tht
38.2,-82.25,0.0,top,KiKit_MB_193_2,,,NPTH,NPTH,tht
38.2,-81.25,0.0,top,KiKit_MB_193_3,,,NPTH,NPTH,tht
38.2,-80.25,0.0,top,KiKit_MB_193_4,,,NPTH,NPTH,tht
38.2,-79.25,0.0,top,KiKit_MB_193_5,,,NPTH,NPTH,tht
43.3,-79.25,0.0,top,KiKit_MB_194_1,,,NPTH,NPTH,tht
43.3,-80.25,0.0,top,KiKit_MB_194_2,,,NPTH,NPTH,tht
43.3,-81.25,0.0,top,KiKit_MB_194_3,,,NPTH,NPTH,tht
43.3,-82.25,0.0,top,KiKit_MB_194_4,,,NPTH,NPTH,tht
43.3,-83.25,0.0,top,KiKit_MB_194_5,,,NPTH,NPTH,tht
39.666666,-74.2,0.0,top,KiKit_MB_195_2,,,NPTH,NPTH,tht
39.666666,-74.2,0.0,top,KiKit_MB_196_1,,,NPTH,NPTH,tht
40.75,-74.2,0.0,top,KiKit_MB_196_2,,,NPTH,NPTH,tht
41.833333,-74.2,0.0,top,KiKit_MB_196_3,,,NPTH,NPTH,tht
41.833333,-74.2,0.0,top,KiKit_MB_197_1,,,NPTH,NPTH,tht
41.833333,-88.3,0.0,top,KiKit_MB_198_1,,,NPTH,NPTH,tht
40.75,-88.3,0.0,top,KiKit_MB_198_2,,,NPTH,NPTH,tht
39.666666,-88.3,0.0,top,KiKit_MB_198_3,,,NPTH,NPTH,tht
39.666666,-88.3,0.0,top,KiKit_MB_199_1,,,NPTH,NPTH,tht
24.666666,-8.2,0.0,top,KiKit_MB_19_2,,,NPTH,NPTH,tht
8.2,-17.25,0.0,top,KiKit_MB_1_1,,,NPTH,NPTH,tht
8.2,-16.25,0.0,top,KiKit_MB_1_2,,,NPTH,NPTH,tht
8.2,-15.25,0.0,top,KiKit_MB_1_3,,,NPTH,NPTH,tht
8.2,-14.25,0.0,top,KiKit_MB_1_4,,,NPTH,NPTH,tht
8.2,-13.25,0.0,top,KiKit_MB_1_5,,,NPTH,NPTH,tht
41.833333,-88.3,0.0,top,KiKit_MB_200_2,,,NPTH,NPTH,tht
8.0,-0.5,0.0,top,KiKit_MB_201_2,,,NPTH,NPTH,tht
8.0,-1.5,0.0,top,KiKit_MB_201_3,,,NPTH,NPTH,tht
8.0,-2.5,0.0,top,KiKit_MB_201_4,,,NPTH,NPTH,tht
8.0,-3.5,0.0,top,KiKit_MB_201_5,,,NPTH,NPTH,tht
8.0,-4.5,0.0,top,KiKit_MB_201_6,,,NPTH,NPTH,tht
43.5,-0.5,0.0,top,KiKit_MB_202_2,,,NPTH,NPTH,tht
43.5,-1.5,0.0,top,KiKit_MB_202_3,,,NPTH,NPTH,tht
43.5,-2.5,0.0,top,KiKit_MB_202_4,,,NPTH,NPTH,tht
43.5,-3.5,0.0,top,KiKit_MB_202_5,,,NPTH,NPTH,tht
43.5,-4.5,0.0,top,KiKit_MB_202_6,,,NPTH,NPTH,tht
8.0,-92.0,0.0,top,KiKit_MB_203_2,,,NPTH,NPTH,tht
8.0,-93.0,0.0,top,KiKit_MB_203_3,,,NPTH,NPTH,tht
8.0,-94.0,0.0,top,KiKit_MB_203_4,,,NPTH,NPTH,tht
8.0,-95.0,0.0,top,KiKit_MB_203_5,,,NPTH,NPTH,tht
8.0,-96.0,0.0,top,KiKit_MB_203_6,,,NPTH,NPTH,tht
43.5,-92.0,0.0,top,KiKit_MB_204_2,,,NPTH,NPTH,tht
43.5,-93.0,0.0,top,KiKit_MB_204_3,,,NPTH,NPTH,tht
43.5,-94.0,0.0,top,KiKit_MB_204_4,,,NPTH,NPTH,tht
43.5,-95.0,0.0,top,KiKit_MB_204_5,,,NPTH,NPTH,tht
43.5,-96.0,0.0,top,KiKit_MB_204_6,,,NPTH,NPTH,tht
0.5,-8.0,0.0,top,KiKit_MB_205_2,,,NPTH,NPTH,tht
1.5,-8.0,0.0,top,KiKit_MB_205_3,,,NPTH,NPTH,tht
2.5,-8.0,0.0,top,KiKit_MB_205_4,,,NPTH,NPTH,tht
3.5,-8.0,0.0,top,KiKit_MB_205_5,,,NPTH,NPTH,tht
4.5,-8.0,0.0,top,KiKit_MB_205_6,,,NPTH,NPTH,tht
0.5,-88.5,0.0,top,KiKit_MB_206_2,,,NPTH,NPTH,tht
1.5,-88.5,0.0,top,KiKit_MB_206_3,,,NPTH,NPTH,tht
2.5,-88.5,0.0,top,KiKit_MB_206_4,,,NPTH,NPTH,tht
3.5,-88.5,0.0,top,KiKit_MB_206_5,,,NPTH,NPTH,tht
4.5,-88.5,0.0,top,KiKit_MB_206_6,,,NPTH,NPTH,tht
47.0,-8.0,0.0,top,KiKit_MB_207_2,,,NPTH,NPTH,tht
48.0,-8.0,0.0,top,KiKit_MB_207_3,,,NPTH,NPTH,tht
49.0,-8.0,0.0,top,KiKit_MB_207_4,,,NPTH,NPTH,tht
50.0,-8.0,0.0,top,KiKit_MB_207_5,,,NPTH,NPTH,tht
51.0,-8.0,0.0,top,KiKit_MB_207_6,,,NPTH,NPTH,tht
47.0,-88.5,0.0,top,KiKit_MB_208_2,,,NPTH,NPTH,tht
48.0,-88.5,0.0,top,KiKit_MB_208_3,,,NPTH,NPTH,tht
49.0,-88.5,0.0,top,KiKit_MB_208_4,,,NPTH,NPTH,tht
50.0,-88.5,0.0,top,KiKit_MB_208_5,,,NPTH,NPTH,tht
51.0,-88.5,0.0,top,KiKit_MB_208_6,,,NPTH,NPTH,tht
24.666666,-8.2,0.0,top,KiKit_MB_20_1,,,NPTH,NPTH,tht
25.75,-8.2,0.0,top,KiKit_MB_20_2,,,NPTH,NPTH,tht
26.833333,-8.2,0.0,top,KiKit_MB_20_3,,,NPTH,NPTH,tht
26.833333,-8.2,0.0,top,KiKit_MB_21_1,,,NPTH,NPTH,tht
26.833333,-22.3,0.0,top,KiKit_MB_22_1,,,NPTH,NPTH,tht
25.75,-22.3,0.0,top,KiKit_MB_22_2,,,NPTH,NPTH,tht
24.666666,-22.3,0.0,top,KiKit_MB_22_3,,,NPTH,NPTH,tht
24.666666,-22.3,0.0,top,KiKit_MB_23_1,,,NPTH,NPTH,tht
26.833333,-22.3,0.0,top,KiKit_MB_24_2,,,NPTH,NPTH,tht
30.7,-17.25,0.0,top,KiKit_MB_25_1,,,NPTH,NPTH,tht
30.7,-16.25,0.0,top,KiKit_MB_25_2,,,NPTH,NPTH,tht
30.7,-15.25,0.0,top,KiKit_MB_25_3,,,NPTH,NPTH,tht
30.7,-14.25,0.0,top,KiKit_MB_25_4,,,NPTH,NPTH,tht
30.7,-13.25,0.0,top,KiKit_MB_25_5,,,NPTH,NPTH,tht
35.8,-13.25,0.0,top,KiKit_MB_26_1,,,NPTH,NPTH,tht
35.8,-14.25,0.0,top,KiKit_MB_26_2,,,NPTH,NPTH,tht
35.8,-15.25,0.0,top,KiKit_MB_26_3,,,NPTH,NPTH,tht
35.8,-16.25,0.0,top,KiKit_MB_26_4,,,NPTH,NPTH,tht
35.8,-17.25,0.0,top,KiKit_MB_26_5,,,NPTH,NPTH,tht
32.166666,-8.2,0.0,top,KiKit_MB_27_2,,,NPTH,NPTH,tht
32.166666,-8.2,0.0,top,KiKit_MB_28_1,,,NPTH,NPTH,tht
33.25,-8.2,0.0,top,KiKit_MB_28_2,,,NPTH,NPTH,tht
34.333333,-8.2,0.0,top,KiKit_MB_28_3,,,NPTH,NPTH,tht
34.333333,-8.2,0.0,top,KiKit_MB_29_1,,,NPTH,NPTH,tht
13.3,-13.25,0.0,top,KiKit_MB_2_1,,,NPTH,NPTH,tht
13.3,-14.25,0.0,top,KiKit_MB_2_2,,,NPTH,NPTH,tht
13.3,-15.25,0.0,top,KiKit_MB_2_3,,,NPTH,NPTH,tht
13.3,-16.25,0.0,top,KiKit_MB_2_4,,,NPTH,NPTH,tht
13.3,-17.25,0.0,top,KiKit_MB_2_5,,,NPTH,NPTH,tht
34.333333,-22.3,0.0,top,KiKit_MB_30_1,,,NPTH,NPTH,tht
33.25,-22.3,0.0,top,KiKit_MB_30_2,,,NPTH,NPTH,tht
32.166666,-22.3,0.0,top,KiKit_MB_30_3,,,NPTH,NPTH,tht
32.166666,-22.3,0.0,top,KiKit_MB_31_1,,,NPTH,NPTH,tht
34.333333,-22.3,0.0,top,KiKit_MB_32_2,,,NPTH,NPTH,tht
38.2,-17.25,0.0,top,KiKit_MB_33_1,,,NPTH,NPTH,tht
38.2,-16.25,0.0,top,KiKit_MB_33_2,,,NPTH,NPTH,tht
38.2,-15.25,0.0,top,KiKit_MB_33_3,,,NPTH,NPTH,tht
38.2,-14.25,0.0,top,KiKit_MB_33_4,,,NPTH,NPTH,tht
38.2,-13.25,0.0,top,KiKit_MB_33_5,,,NPTH,NPTH,tht
43.3,-13.25,0.0,top,KiKit_MB_34_1,,,NPTH,NPTH,tht
43.3,-14.25,0.0,top,KiKit_MB_34_2,,,NPTH,NPTH,tht
43.3,-15.25,0.0,top,KiKit_MB_34_3,,,NPTH,NPTH,tht
43.3,-16.25,0.0,top,KiKit_MB_34_4,,,NPTH,NPTH,tht
43.3,-17.25,0.0,top,KiKit_MB_34_5,,,NPTH,NPTH,tht
39.666666,-8.2,0.0,top,KiKit_MB_35_2,,,NPTH,NPTH,tht
39.666666,-8.2,0.0,top,KiKit_MB_36_1,,,NPTH,NPTH,tht
40.75,-8.2,0.0,top,KiKit_MB_36_2,,,NPTH,NPTH,tht
41.833333,-8.2,0.0,top,KiKit_MB_36_3,,,NPTH,NPTH,tht
41.833333,-8.2,0.0,top,KiKit_MB_37_1,,,NPTH,NPTH,tht
41.833333,-22.3,0.0,top,KiKit_MB_38_1,,,NPTH,NPTH,tht
40.75,-22.3,0.0,top,KiKit_MB_38_2,,,NPTH,NPTH,tht
39.666666,-22.3,0.0,top,KiKit_MB_38_3,,,NPTH,NPTH,tht
39.666666,-22.3,0.0,top,KiKit_MB_39_1,,,NPTH,NPTH,tht
9.666667,-8.2,0.0,top,KiKit_MB_3_2,,,NPTH,NPTH,tht
41.833333,-22.3,0.0,top,KiKit_MB_40_2,,,NPTH,NPTH,tht
8.2,-33.75,0.0,top,KiKit_MB_41_1,,,NPTH,NPTH,tht
8.2,-32.75,0.0,top,KiKit_MB_41_2,,,NPTH,NPTH,tht
8.2,-31.75,0.0,top,KiKit_MB_41_3,,,NPTH,NPTH,tht
8.2,-30.75,0.0,top,KiKit_MB_41_4,,,NPTH,NPTH,tht
8.2,-29.75,0.0,top,KiKit_MB_41_5,,,NPTH,NPTH,tht
13.3,-29.75,0.0,top,KiKit_MB_42_1,,,NPTH,NPTH,tht
13.3,-30.75,0.0,top,KiKit_MB_42_2,,,NPTH,NPTH,tht
13.3,-31.75,0.0,top,KiKit_MB_42_3,,,NPTH,NPTH,tht
13.3,-32.75,0.0,top,KiKit_MB_42_4,,,NPTH,NPTH,tht
13.3,-33.75,0.0,top,KiKit_MB_42_5,,,NPTH,NPTH,tht
9.666667,-24.7,0.0,top,KiKit_MB_43_2,,,NPTH,NPTH,tht
9.666667,-24.7,0.0,top,KiKit_MB_44_1,,,NPTH,NPTH,tht
10.75,-24.7,0.0,top,KiKit_MB_44_2,,,NPTH,NPTH,tht
11.833333,-24.7,0.0,top,KiKit_MB_44_3,,,NPTH,NPTH,tht
11.833333,-24.7,0.0,top,KiKit_MB_45_1,,,NPTH,NPTH,tht
11.833333,-38.8,0.0,top,KiKit_MB_46_1,,,NPTH,NPTH,tht
10.75,-38.8,0.0,top,KiKit_MB_46_2,,,NPTH,NPTH,tht
9.666667,-38.8,0.0,top,KiKit_MB_46_3,,,NPTH,NPTH,tht
9.666667,-38.8,0.0,top,KiKit_MB_47_1,,,NPTH,NPTH,tht
11.833333,-38.8,0.0,top,KiKit_MB_48_2,,,NPTH,NPTH,tht
15.7,-33.75,0.0,top,KiKit_MB_49_1,,,NPTH,NPTH,tht
15.7,-32.75,0.0,top,KiKit_MB_49_2,,,NPTH,NPTH,tht
15.7,-31.75,0.0,top,KiKit_MB_49_3,,,NPTH,NPTH,tht
15.7,-30.75,0.0,top,KiKit_MB_49_4,,,NPTH,NPTH,tht
15.7,-29.75,0.0,top,KiKit_MB_49_5,,,NPTH,NPTH,tht
9.666667,-8.2,0.0,top,KiKit_MB_4_1,,,NPTH,NPTH,tht
10.75,-8.2,0.0,top,KiKit_MB_4_2,,,NPTH,NPTH,tht
11.833333,-8.2,0.0,top,KiKit_MB_4_3,,,NPTH,NPTH,tht
20.8,-29.75,0.0,top,KiKit_MB_50_1,,,NPTH,NPTH,tht
20.8,-30.75,0.0,top,KiKit_MB_50_2,,,NPTH,NPTH,tht
20.8,-31.75,0.0,top,KiKit_MB_50_3,,,NPTH,NPTH,tht
20.8,-32.75,0.0,top,KiKit_MB_50_4,,,NPTH,NPTH,tht
20.8,-33.75,0.0,top,KiKit_MB_50_5,,,NPTH,NPTH,tht
17.166666,-24.7,0.0,top,KiKit_MB_51_2,,,NPTH,NPTH,tht
17.166666,-24.7,0.0,top,KiKit_MB_52_1,,,NPTH,NPTH,tht
18.249999,-24.7,0.0,top,KiKit_MB_52_2,,,NPTH,NPTH,tht
19.333333,-24.7,0.0,top,KiKit_MB_52_3,,,NPTH,NPTH,tht
19.333333,-24.7,0.0,top,KiKit_MB_53_1,,,NPTH,NPTH,tht
19.333333,-38.8,0.0,top,KiKit_MB_54_1,,,NPTH,NPTH,tht
18.249999,-38.8,0.0,top,KiKit_MB_54_2,,,NPTH,NPTH,tht
17.166666,-38.8,0.0,top,KiKit_MB_54_3,,,NPTH,NPTH,tht
17.166666,-38.8,0.0,top,KiKit_MB_55_1,,,NPTH,NPTH,tht
19.333333,-38.8,0.0,top,KiKit_MB_56_2,,,NPTH,NPTH,tht
23.2,-33.75,0.0,top,KiKit_MB_57_1,,,NPTH,NPTH,tht
23.2,-32.75,0.0,top,KiKit_MB_57_2,,,NPTH,NPTH,tht
23.2,-31.75,0.0,top,KiKit_MB_57_3,,,NPTH,NPTH,tht
23.2,-30.75,0.0,top,KiKit_MB_57_4,,,NPTH,NPTH,tht
23.2,-29.75,0.0,top,KiKit_MB_57_5,,,NPTH,NPTH,tht
28.3,-29.75,0.0,top,KiKit_MB_58_1,,,NPTH,NPTH,tht
28.3,-30.75,0.0,top,KiKit_MB_58_2,,,NPTH,NPTH,tht
28.3,-31.75,0.0,top,KiKit_MB_58_3,,,NPTH,NPTH,tht
28.3,-32.75,0.0,top,KiKit_MB_58_4,,,NPTH,NPTH,tht
28.3,-33.75,0.0,top,KiKit_MB_58_5,,,NPTH,NPTH,tht
24.666666,-24.7,0.0,top,KiKit_MB_59_2,,,NPTH,NPTH,tht
11.833333,-8.2,0.0,top,KiKit_MB_5_1,,,NPTH,NPTH,tht
24.666666,-24.7,0.0,top,KiKit_MB_60_1,,,NPTH,NPTH,tht
25.75,-24.7,0.0,top,KiKit_MB_60_2,,,NPTH,NPTH,tht
26.833333,-24.7,0.0,top,KiKit_MB_60_3,,,NPTH,NPTH,tht
26.833333,-24.7,0.0,top,KiKit_MB_61_1,,,NPTH,NPTH,tht
26.833333,-38.8,0.0,top,KiKit_MB_62_1,,,NPTH,NPTH,tht
25.75,-38.8,0.0,top,KiKit_MB_62_2,,,NPTH,NPTH,tht
24.666666,-38.8,0.0,top,KiKit_MB_62_3,,,NPTH,NPTH,tht
24.666666,-38.8,0.0,top,KiKit_MB_63_1,,,NPTH,NPTH,tht
26.833333,-38.8,0.0,top,KiKit_MB_64_2,,,NPTH,NPTH,tht
30.7,-33.75,0.0,top,KiKit_MB_65_1,,,NPTH,NPTH,tht
30.7,-32.75,0.0,top,KiKit_MB_65_2,,,NPTH,NPTH,tht
30.7,-31.75,0.0,top,KiKit_MB_65_3,,,NPTH,NPTH,tht
30.7,-30.75,0.0,top,KiKit_MB_65_4,,,NPTH,NPTH,tht
30.7,-29.75,0.0,top,KiKit_MB_65_5,,,NPTH,NPTH,tht
35.8,-29.75,0.0,top,KiKit_MB_66_1,,,NPTH,NPTH,tht
35.8,-30.75,0.0,top,KiKit_MB_66_2,,,NPTH,NPTH,tht
35.8,-31.75,0.0,top,KiKit_MB_66_3,,,NPTH,NPTH,tht
35.8,-32.75,0.0,top,KiKit_MB_66_4,,,NPTH,NPTH,tht
35.8,-33.75,0.0,top,KiKit_MB_66_5,,,NPTH,NPTH,tht
32.166666,-24.7,0.0,top,KiKit_MB_67_2,,,NPTH,NPTH,tht
32.166666,-24.7,0.0,top,KiKit_MB_68_1,,,NPTH,NPTH,tht
33.25,-24.7,0.0,top,KiKit_MB_68_2,,,NPTH,NPTH,tht
34.333333,-24.7,0.0,top,KiKit_MB_68_3,,,NPTH,NPTH,tht
34.333333,-24.7,0.0,top,KiKit_MB_69_1,,,NPTH,NPTH,tht
11.833333,-22.3,0.0,top,KiKit_MB_6_1,,,NPTH,NPTH,tht
10.75,-22.3,0.0,top,KiKit_MB_6_2,,,NPTH,NPTH,tht
9.666667,-22.3,0.0,top,KiKit_MB_6_3,,,NPTH,NPTH,tht
34.333333,-38.8,0.0,top,KiKit_MB_70_1,,,NPTH,NPTH,tht
33.25,-38.8,0.0,top,KiKit_MB_70_2,,,NPTH,NPTH,tht
32.166666,-38.8,0.0,top,KiKit_MB_70_3,,,NPTH,NPTH,tht
32.166666,-38.8,0.0,top,KiKit_MB_71_1,,,NPTH,NPTH,tht
34.333333,-38.8,0.0,top,KiKit_MB_72_2,,,NPTH,NPTH,tht
38.2,-33.75,0.0,top,KiKit_MB_73_1,,,NPTH,NPTH,tht
38.2,-32.75,0.0,top,KiKit_MB_73_2,,,NPTH,NPTH,tht
38.2,-31.75,0.0,top,KiKit_MB_73_3,,,NPTH,NPTH,tht
38.2,-30.75,0.0,top,KiKit_MB_73_4,,,NPTH,NPTH,tht
38.2,-29.75,0.0,top,KiKit_MB_73_5,,,NPTH,NPTH,tht
43.3,-29.75,0.0,top,KiKit_MB_74_1,,,NPTH,NPTH,tht
43.3,-30.75,0.0,top,KiKit_MB_74_2,,,NPTH,NPTH,tht
43.3,-31.75,0.0,top,KiKit_MB_74_3,,,NPTH,NPTH,tht
43.3,-32.75,0.0,top,KiKit_MB_74_4,,,NPTH,NPTH,tht
43.3,-33.75,0.0,top,KiKit_MB_74_5,,,NPTH,NPTH,tht
39.666666,-24.7,0.0,top,KiKit_MB_75_2,,,NPTH,NPTH,tht
39.666666,-24.7,0.0,top,KiKit_MB_76_1,,,NPTH,NPTH,tht
40.75,-24.7,0.0,top,KiKit_MB_76_2,,,NPTH,NPTH,tht
41.833333,-24.7,0.0,top,KiKit_MB_76_3,,,NPTH,NPTH,tht
41.833333,-24.7,0.0,top,KiKit_MB_77_1,,,NPTH,NPTH,tht
41.833333,-38.8,0.0,top,KiKit_MB_78_1,,,NPTH,NPTH,tht
40.75,-38.8,0.0,top,KiKit_MB_78_2,,,NPTH,NPTH,tht
39.666666,-38.8,0.0,top,KiKit_MB_78_3,,,NPTH,NPTH,tht
39.666666,-38.8,0.0,top,KiKit_MB_79_1,,,NPTH,NPTH,tht
9.666667,-22.3,0.0,top,KiKit_MB_7_1,,,NPTH,NPTH,tht
41.833333,-38.8,0.0,top,KiKit_MB_80_2,,,NPTH,NPTH,tht
8.2,-50.25,0.0,top,KiKit_MB_81_1,,,NPTH,NPTH,tht
8.2,-49.25,0.0,top,KiKit_MB_81_2,,,NPTH,NPTH,tht
8.2,-48.25,0.0,top,KiKit_MB_81_3,,,NPTH,NPTH,tht
8.2,-47.25,0.0,top,KiKit_MB_81_4,,,NPTH,NPTH,tht
8.2,-46.25,0.0,top,KiKit_MB_81_5,,,NPTH,NPTH,tht
13.3,-46.25,0.0,top,KiKit_MB_82_1,,,NPTH,NPTH,tht
13.3,-47.25,0.0,top,KiKit_MB_82_2,,,NPTH,NPTH,tht
13.3,-48.25,0.0,top,KiKit_MB_82_3,,,NPTH,NPTH,tht
13.3,-49.25,0.0,top,KiKit_MB_82_4,,,NPTH,NPTH,tht
13.3,-50.25,0.0,top,KiKit_MB_82_5,,,NPTH,NPTH,tht
9.666667,-41.2,0.0,top,KiKit_MB_83_2,,,NPTH,NPTH,tht
9.666667,-41.2,0.0,top,KiKit_MB_84_1,,,NPTH,NPTH,tht
10.75,-41.2,0.0,top,KiKit_MB_84_2,,,NPTH,NPTH,tht
11.833333,-41.2,0.0,top,KiKit_MB_84_3,,,NPTH,NPTH,tht
11.833333,-41.2,0.0,top,KiKit_MB_85_1,,,NPTH,NPTH,tht
11.833333,-55.3,0.0,top,KiKit_MB_86_1,,,NPTH,NPTH,tht
10.75,-55.3,0.0,top,KiKit_MB_86_2,,,NPTH,NPTH,tht
9.666667,-55.3,0.0,top,KiKit_MB_86_3,,,NPTH,NPTH,tht
9.666667,-55.3,0.0,top,KiKit_MB_87_1,,,NPTH,NPTH,tht
11.833333,-55.3,0.0,top,KiKit_MB_88_2,,,NPTH,NPTH,tht
15.7,-50.25,0.0,top,KiKit_MB_89_1,,,NPTH,NPTH,tht
15.7,-49.25,0.0,top,KiKit_MB_89_2,,,NPTH,NPTH,tht
15.7,-48.25,0.0,top,KiKit_MB_89_3,,,NPTH,NPTH,tht
15.7,-47.25,0.0,top,KiKit_MB_89_4,,,NPTH,NPTH,tht
15.7,-46.25,0.0,top,KiKit_MB_89_5,,,NPTH,NPTH,tht
11.833333,-22.3,0.0,top,KiKit_MB_8_2,,,NPTH,NPTH,tht
20.8,-46.25,0.0,top,KiKit_MB_90_1,,,NPTH,NPTH,tht
20.8,-47.25,0.0,top,KiKit_MB_90_2,,,NPTH,NPTH,tht
20.8,-48.25,0.0,top,KiKit_MB_90_3,,,NPTH,NPTH,tht
20.8,-49.25,0.0,top,KiKit_MB_90_4,,,NPTH,NPTH,tht
20.8,-50.25,0.0,top,KiKit_MB_90_5,,,NPTH,NPTH,tht
17.166666,-41.2,0.0,top,KiKit_MB_91_2,,,NPTH,NPTH,tht
17.166666,-41.2,0.0,top,KiKit_MB_92_1,,,NPTH,NPTH,tht
18.249999,-41.2,0.0,top,KiKit_MB_92_2,,,NPTH,NPTH,tht
19.333333,-41.2,0.0,top,KiKit_MB_92_3,,,NPTH,NPTH,tht
19.333333,-41.2,0.0,top,KiKit_MB_93_1,,,NPTH,NPTH,tht
19.333333,-55.3,0.0,top,KiKit_MB_94_1,,,NPTH,NPTH,tht
18.249999,-55.3,0.0,top,KiKit_MB_94_2,,,NPTH,NPTH,tht
17.166666,-55.3,0.0,top,KiKit_MB_94_3,,,NPTH,NPTH,tht
17.166666,-55.3,0.0,top,KiKit_MB_95_1,,,NPTH,NPTH,tht
19.333333,-55.3,0.0,top,KiKit_MB_96_2,,,NPTH,NPTH,tht
23.2,-50.25,0.0,top,KiKit_MB_97_1,,,NPTH,NPTH,tht
23.2,-49.25,0.0,top,KiKit_MB_97_2,,,NPTH,NPTH,tht
23.2,-48.25,0.0,top,KiKit_MB_97_3,,,NPTH,NPTH,tht
23.2,-47.25,0.0,top,KiKit_MB_97_4,,,NPTH,NPTH,tht
23.2,-46.25,0.0,top,KiKit_MB_97_5,,,NPTH,NPTH,tht
28.3,-46.25,0.0,top,KiKit_MB_98_1,,,NPTH,NPTH,tht
28.3,-47.25,0.0,top,KiKit_MB_98_2,,,NPTH,NPTH,tht
28.3,-48.25,0.0,top,KiKit_MB_98_3,,,NPTH,NPTH,tht
28.3,-49.25,0.0,top,KiKit_MB_98_4,,,NPTH,NPTH,tht
28.3,-50.25,0.0,top,KiKit_MB_98_5,,,NPTH,NPTH,tht
24.666666,-41.2,0.0,top,KiKit_MB_99_2,,,NPTH,NPTH,tht
15.7,-17.25,0.0,top,KiKit_MB_9_1,,,NPTH,NPTH,tht
15.7,-16.25,0.0,top,KiKit_MB_9_2,,,NPTH,NPTH,tht
15.7,-15.25,0.0,top,KiKit_MB_9_3,,,NPTH,NPTH,tht
15.7,-14.25,0.0,top,KiKit_MB_9_4,,,NPTH,NPTH,tht
15.7,-13.25,0.0,top,KiKit_MB_9_5,,,NPTH,NPTH,tht
